id,X_URI,instanceID,X_PARENT_AURI,postion,f1_04_01,f1_04_01_id,f1_04_01_name,f1_04_02,f1_04_03,f1_04_04,f1_04_05,f1_04_05_other,f1_04_06,f1_04_07,f1_04_08,f1_04_09,f1_04_10,f1_04_11,f1_04_12,f1_04_12_other,f1_04_13,rta_form_id,position,f1_staff_nt,inst_rr
1,uuid:9db70847-009b-4899-a731-d3cf933a7464,uuid:0ff9327b-f9f6-4922-b405-c45fd094d740,uuid:0ff9327b-f9f6-4922-b405-c45fd094d740,,-997 trang test 1,uuid:0ff9327b-f9f6-4922-b405-c45fd094d740_1,trang test 1,1,1,50,1,,1,5.0000000000,50,24,1,1,,,3 4 5 7 9,,1,,uuid:0ff9327b-f9f6-4922-b405-c45fd094d740
2,uuid:cf0f6b29-1a23-48dd-a453-1837e479a99e,uuid:0ff9327b-f9f6-4922-b405-c45fd094d740,uuid:0ff9327b-f9f6-4922-b405-c45fd094d740,,83205.1.02,83205.1.02,Alpha Sowe,2,0,40,12,,1,6.0000000000,40,20,1,0,5,,,,2,,uuid:0ff9327b-f9f6-4922-b405-c45fd094d740
3,uuid:399b582c-2b7a-45c5-96ea-ed89c0a2f70c,uuid:0ff9327b-f9f6-4922-b405-c45fd094d740,uuid:0ff9327b-f9f6-4922-b405-c45fd094d740,,-997 phương test,uuid:0ff9327b-f9f6-4922-b405-c45fd094d740_3,phương test,1,1,50,16,,1,6.0000000000,40,20,1,1,,,2 4 6,,3,,uuid:0ff9327b-f9f6-4922-b405-c45fd094d740
