id,X_URI,instanceID,X_PARENT_AURI,vsg_03_01_cal,vsg_03_01_options,vsg_03_01_status,vsg_03_01_id,vsg_03_01_name,vsg_03_02_n,vsg_03_02_m,vsg_03_02_y,vsg_03_03,vsg_03_04,vsg_03_05,generated_table_list_label_159,vsg_03_09l,reserved_name_for_field_list_labels_161,vsg_03_06,vsg_03_07,vsg_03_08,vsg_03_09,vsg_03_10,vsg_03_11,vsg_03_12,vsg_03_13,vsg_03_14,vsg_03_15,rta_form_id
1,uuid:1900e2a5-5abe-4b04-b605-ee7acb56c13f,uuid:385a18d5-ebae-432f-86d6-62b49b037052,uuid:385a18d5-ebae-432f-86d6-62b49b037052,1,15 1,1,15,"NUTRITION: Community, backyard, and/or Kitchen Gardens",,2,2017,4,2.0000000000,1,,,,1,1,1,1,1,1,1,2,5,3,
2,uuid:e843886b-f465-413e-8f7a-0e1676cc4856,uuid:385a18d5-ebae-432f-86d6-62b49b037052,uuid:385a18d5-ebae-432f-86d6-62b49b037052,2,55 1,1,55,HYGIENE: Rubbish disposal,,2,2017,4,2.0000000000,0,,,,0,0,0,0,0,0,0,3,5,3,
11,uuid:9ec525c3-5d3a-4471-b67f-cb2b4ece4d31,uuid:9e3d7076-c7af-4939-9b57-7b925c29c81c,uuid:9e3d7076-c7af-4939-9b57-7b925c29c81c,1,13 1,1,13,NUTRITION: Complementary Feeding,,1,2018,3,23.0000000000,1,,,,1,1,1,1,1,1,1,2,2,3,
12,uuid:7a014f30-8126-41e2-9ba1-e868297de23f,uuid:9e3d7076-c7af-4939-9b57-7b925c29c81c,uuid:9e3d7076-c7af-4939-9b57-7b925c29c81c,2,96 1,1,96,Jnjm,,2,1901,3,2.0000000000,1,,,,1,1,1,1,1,1,1,2,2,3,
13,uuid:956ee9b2-22d0-4356-822b-383600b93fdd,uuid:9e3d7076-c7af-4939-9b57-7b925c29c81c,uuid:9e3d7076-c7af-4939-9b57-7b925c29c81c,3,11 1,1,11,NUTRITION: Maternal Nutrition,,2,2018,96,99.0000000000,1,,,,1,1,1,0,0,0,0,2,2,2,
